id,Title,_yoast_wpseo_focuskw
90,"""Audit MySQL User action bằng Mcafee Audit Plugin""","audit mysql user actions"
92,"""Bên trong VNG Zing Database sẽ có gì""","vng zing database thông tin"
93,"""Coi thả ga ebook với tài khoản ACM (20$/năm)""","tài khoản safari books giá rẻ"
94,"""Containers - Một cách tiếp cận mới của ảo hóa""","công nghệ ảo hóa với container"
95,"""Cài đặt và cấu hình TICK Stack""","cài đặt tick stack trên centos"
96,"""Cấu hình Azure Application Gateway Redirection""","cấu hình azure application gateway redirect"
97,"""Cấu hình MySQL Replication GTID Master-Master""","mysql replication master master"
98,"""ETL vs ELT (phần 1): Xu hướng Data Warehouse""","etl vs elt comparison"
99,"""Elastic Cloud on Kubernetes (ECK)""","elastic cloud on kubernetes tutorial"
100,"""Elasticsearch lưu ý khi config production environment""","lưu ý cấu hình elasticsearch production"
101,"""Giải thích tên dịch vụ trên Amazon Web Service (AWS)""","tên dịch vụ aws"
102,"""Giới thiệu các thông số cấu hình MySQL""","cấu hình cơ bản mysql"
103,"""Giới thiệu một số thuật toán TCP Congestion Control""","thuật toán kiểm soát tắt nghẽn tcp"
104,"""Giới thiệu về IPtables""","cách sử dụng iptables"
105,"""Giới thiệu về LVM - Logical Volume Management""","lvm logical volume management hướng dẫn"
106,"""Giới thiệu về SSH""","cách sử dụng ssh trong linux"
107,"""HƯỚNG DẪN CHUYỂN ĐỔI CENTOS 8 SANG ROCKY LINUX""","chuyển đổi từ centos 8 sang rocky linux"
108,"""HƯỚNG DẪN CÀI ĐẶT PORTAINER ĐỂ QUẢN LÝ DOCKER HOST""","cài đặt portainer trên linux"
109,"""HƯỚNG DẪN CÀI ĐẶT WHATWAF""","cài đặt whatwaf trên kali linux"
110,"""Hướng Dẫn Xử Lý Tình Trạng Full Inode""","cách xử lý full inode"
111,"""Hướng dẫn Upgrade Kernel Linux.""","upgrade linux kernel guide"
113,"""Hướng dẫn bật tính năng log trên haproxy""","bật log haproxy hướng dẫn"
114,"""Hướng dẫn chít game Clicker Heroes - Android""","cheat clicker heroes android"
115,"""Hướng dẫn chặn toàn bộ IP của một quốc gia trên Windows""","chặn ip của quốc gia trên windows"
116,"""Hướng dẫn cài đặt Apache Guacamole""","cài đặt apache guacamole"
117,"""Hướng dẫn cài đặt Apache từ source""","cài đặt apache từ source"
118,"""Hướng dẫn cài đặt Gitbucket trên CentOS 7""","cài đặt gitbucket centos 7"
119,"""Hướng dẫn cài đặt Nginx từ source""","cài đặt nginx từ source"
120,"""Hướng dẫn cài đặt PHP từ source""","cài đặt php từ source"
121,"""Hướng dẫn cài đặt Redmine trên CentOS""","cài đặt redmine trên centos"
122,"""Hướng dẫn cài đặt Teleport làm remote SSH""","cài đặt teleport remote ssh"
123,"""Hướng dẫn cài đặt phiên bản Docker bất kì trên Linux""","cài đặt docker trên linux"
124,"""Hướng dẫn cài đặt python và virtualenv""","cài đặt python virtualenv centos"
125,"""Hướng dẫn cài đặt và cấu hình Memcached trên CentOS""","cài đặt memcached trên centos"
126,"""Hướng dẫn cài đặt và mount NFS trên CentOS 7""","cài đặt nfs trên centos 7"
127,"""Hướng dẫn cài đặt và sử dụng pure-ftpd để tạo tài khoản ftp""","cài đặt pure-ftpd ftp"
128,"""Hướng dẫn cấu hình Cache cho Nginx""","cấu hình cache nginx"
129,"""Hướng dẫn cấu hình Max File Descriptor""","cách cấu hình max file descriptor"
130,"""Hướng dẫn cấu hình MySQL replication Master-Slave""","mysql replication master slave guide"
131,"""Hướng dẫn cấu hình NTP""","cấu hình ntp server trên centos"
132,"""Hướng dẫn cấu hình Nginx load balance""","cấu hình nginx load balancer"
133,"""Hướng dẫn cấu hình chạy mô hình LAMP stack trên Directadmin""","cấu hình lamp stack directadmin"
134,"""Hướng dẫn cấu hình keepalive connection cho Nginx""","cấu hình keepalive connection nginx"
135,"""Hướng dẫn cấu hình virtual IP với keepalived""","cấu hình virtual ip keepalived"
136,"""Hướng dẫn dùng tính năng submodule của Git""","cách sử dụng git submodule"
137,"""Hướng dẫn giấu một folder trên Windows""","cách giấu folder trên windows"
138,"""Hướng dẫn kiểm tra IOPS trên server Linux""","kiểm tra iops server linux"
139,"""Hướng dẫn kiểm tra trạng thái RAID""","kiểm tra trạng thái raid"
140,"""Hướng dẫn liệt kê danh sách domain của nginx""","liệt kê domain trên nginx"
141,"""Hướng dẫn reset password admin Grafana""","reset grafana admin password"
142,"""Hướng dẫn setup Prometheus + Grafana để monitor dịch vụ""","setup prometheus grafana monitor"
143,"""Hướng dẫn sử dụng Selenium""","hướng dẫn sử dụng selenium với python"
144,"""Hướng dẫn sử dụng mRemoteNG để Remote Desktop""","hướng dẫn sử dụng mremoteng"
145,"""Hướng dẫn thao tác với lệnh vi""","hướng dẫn sử dụng lệnh vi"
146,"""Hướng dẫn thay đổi port remote desktop""","thay đổi port remote desktop"
147,"""Hướng dẫn toàn tập về partition trên Linux""","partition trên linux hướng dẫn"
148,"""Hướng dẫn tạo chứng thực cơ bản nginx - http basic authentication""","http basic authentication nginx"
149,"""Hướng dẫn tối ưu Linux kernel""","tối ưu hiệu năng linux kernel"
150,"""Hướng dẫn tự động start dịch vụ trên Linux - Giới thiệu về các Init System (Phần 1)""","tự động khởi động dịch vụ linux"
151,"""Hướng dẫn update kernel linux trên CentOS bằng yum""","update linux kernel centos"
152,"""Hướng dẫn vô hiệu hóa giao thức SMB trên Windows server""","vô hiệu hóa giao thức smb windows"
153,"""ISASS.exe sử dụng nhiều băng thông""","isass.exe tốn băng thông"
154,"""Lập trình Bash Shell cơ bản - Phần 1""","lập trình bash shell cơ bản"
155,"""Moby Project - Công nghiệp hóa containers""","moby project docker containers"
156,"""MongoDB - Phần 1 Giới thiệu về MongoDB""","giới thiệu về mongodb"
157,"""Một lần đi lên mây - Dạo một vòng AWS Networking""","aws networking basics"
158,"""Những gì đã xảy ra khi boot một hệ thống Linux?""","quá trình khởi động hệ thống linux"
159,"""PHƯƠNG PHÁP LẬP KẾ HOẠCH SAO LƯU HIỆU QUẢ""","lập kế hoạch sao lưu hiệu quả"
160,"""Prometheus at Scale - Hướng dẫn sharding Prometheus""","sharding prometheus guide"
161,"""Prometheus at Scale - Tổng quan về Prometheus""","prometheus monitoring overview"
162,"""RÀ SOÁT LỖI & TỐI ƯU HÓA HỆ THỐNG SAO LƯU DOANH NGHIỆP""","tối ưu hóa quy trình sao lưu"
163,"""SAO LƯU: TRỨNG PHỤC SINH CỦA HỆ THỐNG DỮ LIỆU DOANH NGHIỆP""","sao lưu và phục hồi dữ liệu doanh nghiệp"
164,"""So sánh các phiên bản Windows server 2012""","so sánh các phiên bản windows server 2012"
165,"""Soft Delete của Azure Storage Blob: Trứng phục sinh của dữ liệu đã xóa""","soft delete azure storage blob"
166,"""Swap là gì? Tổng quan về swap""","swap memory là gì"
167,"""TRIỂN KHAI & ĐO LƯỜNG SAO LƯU & PHỤC HỒI""","cách triển khai sao lưu hiệu quả"
168,"""Thế nào là MCSA, MCSE""","microsoft certification exam guide"
169,"""Tìm hiểu về MySQL""","tìm hiểu mysql cơ sở dữ liệu"
170,"""Tổng quan về Hyper-V""","tìm hiểu về hyper-v"
171,"""Tổng quan về PHP""","tổng quan về php"
172,"""Tự động đồng bộ 2 thư mục trên Windows""","đồng bộ thư mục windows"
173,"""Use Thinkpad T470 fingerprint on Ubuntu 16.04""","thinkpad t470 fingerprint ubuntu guide"
174,"""Xây dựng mạng lưới Etherum cá nhân bằng Docker Compose""","xây dựng mạng lưới ethereum docker compose"
175,"""[AWS] Hướng dẫn tạo VPC trên AWS""","tạo vpc trên aws"
176,"""[Ansible] Giới thiệu về Ansible""","giới thiệu về ansible"
177,"""[Ansible] Hướng dẫn sử dụng và quản lý Role trong Ansible""","sử dụng ansible role hiệu quả"
178,"""[Ansible] Quản trị Windows Server 2012 với Ansible - Phần 2""","quản trị windows server ansible"
179,"""[Ansible] Quản trị Windows Server 2012 với Ansible""","ansible cho windows server 2012"
180,"""[LoadBalance] Giới thiệu LVS & IPVS""","cấu hình lvs với ipvs"
181,"""[NFV] DPDK - Data Plane Development Kit""","dpdk data plane development kit"
182,"""[NFV] NFV và SDN""","nfv và sdn so sánh"
183,"""[NFV] Phần 1 - Giới thiệu về NFV""","giới thiệu công nghệ nfv"
184,"""[NFV] Phần 2 - Kiến trúc của NFV""","kiến trúc nfv là gì"
185,"""[NFV] SR-IOV""","sr-iov virtualization technology"
186,"""[Nhập môn Docker] Phần 1: Cài đặt Docker trên CentOS7""","cài đặt docker trên centos7"
187,"""[Nhập môn Docker] Phần 2: Giới thiệu các kiểu lưu trữ dữ liệu trên Docker""","các kiểu lưu trữ dữ liệu docker"
188,"""[SCCM] Chuẩn bị triển khai SCCM""","chuẩn bị triển khai sccm"
189,"""[SCCM] Cài đặt SQL Server cho SCCM""","cài đặt sql server cho sccm"
190,"""[SCCM] Giới thiệu SCCM""","giới thiệu về sccm"
191,"""[StorSimple] Cài đặt Device Update 5.0 cho StorSimple""","cài đặt storsimple device update"
192,"""[StorSimple] Giới thiệu StorSimple""","giải pháp lưu trữ hybrid storage"
193,"""[dmidecode] Hướng dẫn kiểm tra thông tin server HP và Dell""","dmidecode kiểm tra server hp dell"
194,"""ownCloud trên Docker - Lưu trữ dữ liệu chia sẻ - Triển khai dễ dàng""","cài đặt owncloud trên docker"
195,"""Đóng gói ứng dụng Flask với Docker""","đóng gói ứng dụng flask docker"
410,"Before Your Next Big Decision, Build This Claude Skill","building effective ai skills"
412,"How to Use Claude to Prepare for Job Interviews","using claude for job interviews"
414,"I Made Claude Smarter by Connecting It to NotebookLM. Here's How","connect notebooklm with claude"
416,"How to Learn Spanish (Or Any Language) Faster With Claude","learn spanish faster with ai"
418,"Everything You Get as an Artificial Corner Subscriber (Free & Paid)","artificial corner subscription benefits"
420,"13 Most Important AI Concepts Every Claude User Should Know","ai concepts for using claude"
422,"Claude Opus 4.7 is here: What changed, how to get more out of it, and what might break in your workflow","claude opus 4.7 update guide"
424,"We Tried Claude in Excel. These Are The Best Use Cases","claude in excel use cases"
426,"We Used Claude Cowork to Pull Data From Any Website. Here's How","web scraping with claude cowork"
428,"The Best Way to Learn Claude (And Other AI Tools)","how to learn claude AI"
449,"We Tried 100 Claude Skills. These Are The Best","best claude skills guide"
451,"How to Make Claude Write Like You","make ai write like you"
453,"Claude Cowork Just Got Projects. Here's How to Set It Up (So You Stop Re-Explaining Yourself)","how to set up projects in claude cowork"
455,"Claude Can Now Click, Type, and Navigate Your Computer Apps. Here Are My Best Use Cases","claude computer use capabilities"
457,"Before You Use Claude Cowork, Build This First","using claude cowork effectively"
460,"How to Run Claude Cowork Tasks From Your Phone","run tasks from phone with claude"
462,"How I Stopped Hitting Claude's Usage Limits","how to avoid claude usage limits"
464,"The Claude Setup I Use To Be Ahead of 99% of Users","how to set up claude properly"
466,"How I Turn My AI Chat History into Claude Code Projects Memory","turn chat history into projects"
468,"Before You Use Claude, Create This File","creating md files for ai use"
470,"How to Turn Claude into a 24/7 Employee (It Has Automated My Work)","automate tasks with claude"
472,"How to move from ChatGPT to Claude (without starting from 0)","move from chatgpt to claude"
474,"I Stopped Re-Explaining Everything to Claude Code. This CLAUDE.md File Does It for Me","using claude code effectively"
476,"You're Using Claude Wrong! Here's How to Be Ahead of 99% of Users","using claude effectively"
478,"Skills Are Claude Code's Cheat Code. Here's How to Use Them","using skills in claude code"
480,"Before You Use Claude Code, Learn This First","claude code project structure"
482,"How Claude Cowork Saves Me 100s of Hours (ChatGPT Can't Do This)","claude cowork time saving tips"
484,"Why You Need Claude Code and How to Use It (Even With 0 Coding Experience)","how to use claude code"
486,"How We Learn (Any) Topic Faster with NotebookLM","learn any topic faster"
488,"Clawdbot Is Taking The AI Community by Storm. Here's What it is and How to Use It","how to use clawdbot"
491,"Forget AI Tools. AI Agents Will Automate Your Life in 2026","ai agents for life automation"
493,"65% Stick to ChatGPT. Here's Why The Rest Are Switching to Gemini and Claude","switching from chatgpt to claude"
495,"How to Build Your Own $10,000 AI Mentor (For Free)","build your own ai mentor"
497,"Duolingo couldn’t teach me Spanish in 2 years. AI did it in a few months","learn spanish with ai"
499,"Lesson #4: My System to Learn (Any) Language with AI","learn a language with ai"
501,"The Best ChatGPT Prompts You Need to Use in 2026","best chatgpt prompts for 2026"
503,"A 15-Week Course to Master AI in 2026","15-week ai mastery course"
505,"Claude for Beginners: Complete Guide","claude chat for beginners"
507,"How to Create Professional Visuals with AI","create professional visuals with ai"
509,"The One AI Skill Worth Mastering (It Never Goes Obsolete)","mastering ai as a thinking partner"
511,"Nano Banana Pro: Complete Guide","nano banana pro guide"
513,"Gemini 3 Is Now The #1 Model: Here's a Feature Everyone Should Use","gemini 3 standout features"
515,"The Best AI Tools for 2026: From Must-Have to Niche","best ai tools for 2026"
517,"The Best ChatGPT Prompt Principles You Need to Follow","best chatgpt prompt principles"
519,"Lesson #3: Improve Reading & Writing with AI","using ai for language learning"
521,"The Best Books to Increase Your AI Literacy in 2026 (+How I Use AI to Learn More From Books)","best books for ai literacy"
523,"From AI Slop to Robotics Slop","ai in household robotics"
525,"How to Go From AI Beginner to Pro in 2025","how to master ai skills"
527,"How to Use AI with Excel (Reliably): From Generating Functions to Complete Reports","using ai in excel"
529,"ChatGPT Atlas: Complete Guide","chatgpt atlas browser guide"
531,"How to quickly optimize your prompts with ChatGPT","optimize prompts with chatgpt"
533,"I Took Google’s Prompt Engineering Course. Here’s What Actually Works","google prompt engineering course review"
535,"Deep Research: One of ChatGPT’s Best Features","chatgpt deep research guide"
537,"Sora 2 Prompting Guide","sora 2 prompting tips"
539,"Sora 2 may be the ChatGPT moment for video generation (and it's scary)","sora 2 video generation impact"
541,"OpenAI's Sora 2 is amazing! Here's how I got early access","how to get sora 2 invite code"
543,"I’m Happy I Canceled These AI Subscriptions","canceled ai subscription reviews"
545,"How to Go from ChatGPT Beginner to Pro","chatgpt beginner to pro guide"
547,"These iPhone Features Changed How I Use ChatGPT","iphone features for chatgpt"
549,"25 Things I've Learned About ChatGPT and Other AI Tools","lessons learned from using chatgpt"
551,"A simple tweak that helps me generate better images and edit them with ChatGPT","generate better images with chatgpt"
553,"AI Agents: The Next Big Thing After ChatGPT","ai agents for productivity"
555,"You're using the wrong ChatGPT-5 mode. Here's how to choose the right one","choose the right chatgpt mode"
557,"Perplexity AI: Complete Guide","perplexity ai complete guide"
559,"I Took Google's AI Course for Beginners. Here's a Summary in Plain English","google ai course summary"
561,"If You Use ChatGPT, You Need This Productivity App","productivity app for chatgpt"
563,"GPT-5 May Be Proof That Scaling Alone Can’t Save AI","gpt-5 scaling challenges"
565,"If You Like ChatGPT, You'll Love These AI Agents","best ai agents for tasks"
567,"Before You Chat With a Meta AI Bot, Read This","chatting with meta ai bots"
569,"GPT-5 Prompting Techniques","gpt-5 prompting techniques"
571,"Why GPT-5 Feels Like a Step Forward and a Step Back","gpt-5 user feedback analysis"
573,"ChatGPT Overview: GPT-5, Features, Plans","chatgpt gpt-5 features review"
575,"GPT-5 is Finally Here: These 3 Upgrades Are Total Game Changers","gpt-5 upgrades and features"
577,"Top AI Use Cases According to Studies — Are You Using Them Yet?","best ai use cases for personal finance"
579,"GPT-5 launch is expected in August 2025. Here's everything we know so far","gpt-5 launch news and features"
581,"3 Things I Learned About AI That Save Me Hours Every Week","ai productivity tips for busy people"
583,"My Honest Review of ChatGPT Agent","chatgpt agent review"
585,"The 4 AI Tools That Everyone Should Use","best ai tools for productivity"
587,"You're using the wrong ChatGPT model. Here's how to choose the right one","how to choose chatgpt model"
589,"AI Can Make You Productive or Dumb. Here’s How to Tell Which Side You’re On","ai productivity vs laziness"
591,"How to Create Your First AI Agent (for Non-Coders)","create ai agent for beginners"
593,"How to AI-Proof Your Career in 2025","ai-proof your career 2025"
595,"The Perfect ChatGPT Prompt Formula","how to write effective chatgpt prompts"
597,"How I'd Learn AI in 2025","how to learn ai in 2025"
599,"The Quiet Revolution of AI Agents","ai agents in 2025"
601,"You’d Never Guess ChatGPT Wrote This","how to make writing sound human"
603,"Python in Excel: Why It Matters for Data Analysts","python in excel for data analysts"
605,"A Free 17-Hour Course to Learn Python for Data Science (for Beginners)","free python data science course"
607,"The ChatGPT Setup I Use To Be Ahead of 99% of Users","chatgpt setup tips for beginners"
609,"Codex Is Not Just Smarter. It'll Reshape Software Development","codex software development impact"
611,"A Simple Guide to Vibe Coding for Beginners","vibe coding for beginners"
613,"Soon, We May No Longer Need Humans to Train AI Models","ai models train themselves"
615,"5 Game-Changing ChatGPT Features You’re Probably Missing","chatgpt hidden features tutorial"
617,"Common Mistakes ChatGPT Users Make","common chatgpt usage mistakes"
619,"AI Gets the Credit. You Get the Bugs","ai generated code challenges"
621,"How I’d Learn Python faster using AI","learn python with ai tools"
624,"We’re Finally Starting to Understand How AI Works","how ai understands its decisions"
626,"How Google Quietly Took the Lead in the AI Race with Gemini 2.5","google gemini 2.5 ai launch"
628,"The Rise of Ghibli-Inspired AI and the Artists Left Behind","ghibli inspired ai art"
630,"Can AI Break the Procrastination Loop?","ai and procrastination solutions"
632,"Why ChatGPT’s New Feature Could Be the Most Controversial Design Tool Yet","chatgpt image generation features"
634,"What China’s Rise Means for the Future of AI","china artificial intelligence future"
636,"Is Today’s Progress in AGI a Real Breakthrough, Or Just Another Illusion?","today's progress in agi"
638,"Your Mac Terminal Doesn't Have to Look Ugly. Upgrade It In a Few Minutes","upgrade mac terminal appearance"
640,"AI Agents Are Here And They’re Not Just Taking Notes Anymore","ai agents for business efficiency"
642,"AI at Bargain Prices—But Who’s Really Paying the Bill?","ai pricing wars explained"
644,"Will AI Replace Programmers? The Truth Behind the Hype","will ai replace programmers"
646,"How AI is Reshaping Our Digital World","ai-generated content impact"
648,"AI & Python #39 : Here's What Most Python and Data Science Courses Don't Teach You","what data science courses skip"
650,"Sharper Machines, Duller Minds: The Paradox of AI Intelligence","impact of ai on creativity"
652,"Who Cares About AI—and Who Doesn't?","who cares about ai"
654,"Teaching in the Age of AI ... A Renaissance or the End of an Era?","impact of ai on education"
656,"Self-Studying Python? Here’s What I Learned After Taking 10+ Online Courses","self studying python online courses"
658,"The Dark Side of AI","the negative impacts of ai"
660,"Gen Z’s Complicated Relationship with AI","gen z and artificial intelligence"
662,"My Honest Review of ChatGPT's $200 Monthly Subscription","chatgpt pro subscription review"
664,"Behind AI #8: Here's Everything You Can Do With Python","what can you do with python"
666,"OpenAI Released o3-mini: Best coding model right now (better than DeepSeek R1)","best coding model 2023"
668,"Has DeepSeek Burst the AI Bubble or Just Raised the Stakes?","deepseek and the ai bubble"
670,"How to Easily Install DeepSeek R1 on Your Computer (without sharing your data)","install deepseek r1 on computer"
672,"What Project Stargate Means for the Future of AI—and Who Controls It","future of ai project stargate"
674,"4 Free Courses I Took to Learn Python for Data Science & AI","free python courses for data science"
676,"Mark Zuckerberg Predicts AI Will Reshape Coding Forever in 2025","future of ai coding"
678,"AI & Python #38: The Easiest Way to Make Beautiful Interactive Visualizations With Pandas","interactive visualizations with pandas"
680,"AI Art’s Hollow Victory: Faster, Cheaper, and Forgettable","ai art devalues human creativity"
682,"AI & Python #37: Books I Read to Automate Some Boring Tasks","books for automating tasks"
684,"What’s Next for AI? 7 Trends to Watch in 2025","ai trends to watch 2025"
686,"OpenAI's o3 and Other AI News That Will Shape AI in 2025","openai o3 model features"
688,"AI & Python #36: Python Libraries You Should Learn","best python libraries to learn"
690,"AI & Python #35: Data Science Projects in Python for All Levels","data science projects python"
692,"AI & Python #34: Tools That Made My Life Easier When Writing Code","tools for writing code"
694,"13 Cheat Codes I Wish I Knew Before (As a Programmer)","cheat codes for programmers"
845,"Is OpenAI's Sora Video Generator Any Good?","openai sora video generator review"
847,"I Built A Second Brain And Automated It with AI. Here's How","build a second brain with ai"
851,"AI & Python #33: 4 Python Books That Every Beginner Should Read to Go Beyond The Basics","best python books for beginners"
853,"AI Tools I Use Almost Every Day","best ai tools for productivity"
855,"AI & Python #32: Software Engineering Practices Anyone Learning Python Should Know","software engineering best practices for python"
857,"AI & Python #31: How to Self Study Python And Other Technical Stuff","how to self study python"
859,"AI & Python #30: One-Liners Anyone Learning Python Should Know","python one-liners for beginners"
861,"Why Google Search Isn't So Useful Anymore (and what that means for ChatGPT Search)","why google search is less useful"
863,"AI & Python #29: Python Projects You Can Finish in a Weekend","python projects for beginners"
865,"Hello, Apple Intelligence (Or Just Grammarly with a Few Extra AI Features)","apple intelligence review"
867,"AI & Python #28: The Notebook Used for Data Science and AI Projects","jupyter notebook extensions for data science"
869,"I Used ChatGPT Vision and DALL-E 3 to Bring My Drawings to Life","bring drawings to life with ai"
871,"AI & Python #27: Books I Read to Learn Data Science and Machine Learning","best books for learning data science"
873,"Behind AI #7: Top Python Libraries Any AI Enthusiast Should Know","top python libraries for ai"
875,"I Swapped My Face into AI Images. The Results Were Amazing!","ai face swap tutorial"
877,"AI & Python #26: A Super-Fast Way to Loop in Python","fast loop techniques in python"
879,"AI in Business: Moving Past the Hype and False Promises","ai in business applications"
881,"Behind AI #6: The 4 Stages of Learning Python for AI & ML","learn python for ai and machine learning"
883,"Hands-On With ChatGPT's Advanced Voice Mode","chatgpt advanced voice mode"
885,"AI & Python #25: Let's Build Your First Machine Learning Model in Python","build machine learning model python"
887,"AI & Python #24: Create a Linear Regression using Python","linear regression in python"
889,"Behind AI #5: Machine Learning Algorithms Any AI Enthusiast Should Know - Part 2","machine learning algorithms explained"
891,"Prompt Engineering Is Slowly Dying","prompt engineering relevance decline"
893,"OpenAI Releases GPT o1 ""Strawberry"": First Model With Advanced Reasoning","openai gpt o1 strawberry model"
895,"AI & Python #23: How to Tokenize Text in Python","how to tokenize text python"
897,"Behind AI #4: What is NLP And Why is Important in AI","what is natural language processing"
899,"AI & Python #22: Yes, Python Has a Built-In Database. Here's How to Use It.","python sqlite built in database"
901,"AI & Python #21: SQL Core Concepts Any Analyst Should Know","sql concepts for data analysts"
903,"Is AI Hype Fading Due to Hallucinations?","is ai hype fading"
905,"Behind AI #3: Vector Databases - Taking Data Revolution to The Next Level","vector databases for unstructured data"
907,"Behind AI #2: What Is a Database and Why Is Important in AI","what is a database in ai"
909,"AI & Python #20: Web Scraping Projects That Will Help Automate Your Life","web scraping projects for automation"
911,"Behind AI #1: Machine Learning Algorithms Any AI Enthusiast Should Know","machine learning algorithms explained"
913,"AI & Python #19: How to Create Beautiful Visualizations in Python","creating visualizations in python"
915,"AI & Python #18: AI Enthusiasts Should Move from Excel to Python. Here's How","move from excel to python"
917,"SearchGPT: Another Failed Attempt to Take Down Google?","searchgpt vs google search"
919,"All AI Tools And ChatGPT Prompts in 1 Article","best ai tools and chatgpt prompts"
921,"The AI Tool That Introverts Will Love","ai tool for introverts"
923,"How I Use AI and SQL in My Daily Work as a Data Analyst","using ai with sql in data analysis"
925,"4 Free Prompt Engineering Courses to Join The Top 1% of ChatGPT Users","free prompt engineering courses"
927,"The Birth of Modern AI","birth of modern ai"
929,"My Top 4 Paid Subscriptions I'll Never Cancel as a Programmer","top paid subscriptions for programmers"
931,"5 macOS Apps I Never Close as a Programmer","macos apps for programmers"
933,"🔎 The best new AI search","best ai search engines"
935,"Here's How Companies Will Use AI for Recruiting","ai in recruiting process"
937,"AI & Python #17: How to Convert a Python Script to an Executable File (.exe)","convert python script to exe"
939,"AI & Python #16: 4 Python Books I Read as a Self-Taught Programmer","best python books for beginners"
941,"How to Integrate ChatGPT Into Siri on Your iPhone","integrate chatgpt with siri"
943,"Apple Intelligence (AI) Finally Arrives on Apple Products","apple intelligence ai features"
945,"6 Free Websites (Powered by AI) That Every Content Creator Needs to Know","free ai tools for content creators"
947,"Automate or Get Automated: How I Changed My Life Learning to Automate (Instead of Coding)","learn to automate tasks"
949,"""AI Is Not Replacing Workers"" And Other Lies About AI","ai impact on jobs"
951,"AI & Python #15: Automate The Most Tedious Task on The Internet With Python","automate web form filling python"
953,"AI & Python #14: How to Automate Your Python Scripts on Mac and Windows","automate python scripts mac windows"
955,"ChatGPT Users Will Love These Amazing GPT-4o Use Cases","best uses for gpt-4o"
957,"How to Download The New ChatGPT Desktop App (even if you're not invited to the beta)","download chatgpt desktop app"
959,"AI & Python #13: How to Automate Your Excel Reporting with Python","automate excel reporting with python"
961,"OpenAI Just Unveiled The Best AI Model: GPT-4o","gpt-4o new features"
963,"AI & Python #12: How to Easily Create a PDF File with Python","create pdf file with python"
965,"You’re Not Unlocking ChatGPT’s Full Potential. Here’s How to Do It.","unlocking chatgpt plus features"
967,"AI Devices Are Not There Yet","ai devices limitations and challenges"
969,"AI & Python #11: How to Automate Emails with Python","automate emails with python"
971,"The Rise of AI Robots Just Got Real","rise of ai robots"
973,"3 ChatGPT-Like Extensions to Automate Your Life","chatgpt extensions for productivity"
975,"AI & Python #10: Automate 4 Boring Tasks in Python with 5 Lines of Code","automate boring tasks with python"
977,"The False Promises of AI","false promises of ai"
979,"3 Simple Ways ChatGPT Has Helped me Improve My Everyday Life","how to improve everyday life with chatgpt"
981,"10 Python Mistakes You Shouldn’t Make","common python mistakes beginners"
983,"5 AI Tools That Will Make Your Life Easier (Other Than ChatGPT)","best ai tools for productivity"
985,"What's the best Python Web Scraping library in 2024?","best python web scraping library 2024"
987,"AI & Python #9: Create AI Products with The OpenAI API","create ai products with openai api"
989,"The Pivotal Role of Nvidia in The Future of AI","nvidia role in artificial intelligence"
991,"Lesson #2: Vocabulary & Listening with AI","using chatgpt to learn vocabulary"
993,"Can ChatGPT Solve an Entire Data Analysis Project?","can chatgpt handle data analysis"
995,"The Jobs That Might Be Replaced by AI","jobs replaced by ai"
997,"AI & Python #8: Pandas Functions that Data Analysts Use 60% of the Time","pandas functions for data analysis"
999,"Is AI Officially Taking Our Jobs? Meet Devin, The First AI Software Engineer","ai software engineer job impact"
1001,"New Method: Web Scraping with ChatGPT Mentions","web scraping with chatgpt"
1003,"Here's What ChatGPT Code Interpreter Can Do for Data Analysts","chatgpt code interpreter data analysis"
1005,"Nvidia CEO Advises Against Learning to Code: Is Coding Still a Worthwhile Skill to Learn?","is coding still worth it"
1007,"AI & Python #7: Stop Overusing “+” to Join Strings in Python","string concatenation in python"
1009,"How Data Analysts Use ChatGPT","how data analysts use chatgpt"
1011,"PandasAI: Simple Data Analysis with AI and Python","pandasai for data analysis"
1013,"Claude 3 Beats GPT-4 in Benchmarks: Is That Enough to Switch?","claude 3 vs gpt-4 comparison"
1015,"How to Create Excel Formulas with ChatGPT","create excel formulas with chatgpt"
1017,"AI & Python #6: Web Scraping in Python with Selenium","web scraping with selenium"
1019,"AI Companies Have Been Scraping The Internet for Years. But Is Web Scraping Legal?","is web scraping legal"
1021,"AI & Python #5: Web Scraping in Python with Beautiful Soup","web scraping with beautiful soup"
1023,"Web Scraping in Python: Beautiful Soup, Selenium, or Scrapy?","best python web scraping tool"
1025,"AI & Python #4: The Easiest Way To Web Scrape with Python","web scraping with python"
1027,"No-Code Tools to Make Interactive Data Visualization","no-code interactive data visualization"
1029,"What you can do with data (besides training AI models)","uses of data for professionals"
1031,"You’re Not The Only One Feeling AI Fatigue (Or: Why That New AI Tool Isn't for You)","ai fatigue solutions"
1033,"AI & Python #3: Concepts You Should Know Before Learning Web Scraping","concepts for learning web scraping"
1035,"Gemini Ultra vs GPT-4: Did Google Beat GPT-4 This Time?","gemini ultra vs gpt-4 comparison"
1037,"No-Code Tools To Extract Data From Websites","no-code web scraping tools"
1039,"Data: An important resource in the AI revolution","importance of data in ai"
1041,"AI & Python #2: Two Tools Every Python Programmer Needs To Use","python virtual environments tutorial"
1043,"If You Like AI Art Tools, You'll Love These Custom GPTs","best gpts for ai art"
1045,"Are we really in an AI bubble?","are we in an ai bubble"
1047,"AI & Python #1: How to Learn Python with ChatGPT","learn python with chatgpt"
1049,"I Tried Multiple AI Coding Assistants. These Are The Best","best ai coding assistants"
1051,"How ChatGPT Has Changed The Lives of Programmers","how chatgpt helps programmers"
1053,"The Best GPTs for Programmers","best gpts for programmers"
1055,"How I'd Learn to Code Using ChatGPT","learn to code with chatgpt"
1057,"The Hidden Challenges of AI","challenges of artificial intelligence"
1059,"OpenAI Just Released The GPT Store. Here's How To Use It And Make Money With Your GPT","how to make money with gpt"
1061,"How to Create an Irresistible Resume (with ChatGPT and Overleaf)","create a modern resume template"
1063,"How ChatGPT Helped me Get a Job","chatgpt for job search"
1065,"Create AI Products in 2024 with the ChatGPT API","create ai products with chatgpt api"
1067,"Master ChatGPT by learning prompt engineering","learn prompt engineering techniques"
1069,"“Google Will Kill ChatGPT” and Other Overhyped AI Predictions We Heard In 2023","overhyped ai predictions 2023"
1071,"How ChatGPT Helps Me Prepare for Job Interviews","using chatgpt for interview preparation"
1073,"Master The Perfect ChatGPT Prompt Formula","how to create effective chatgpt prompts"
1075,"A Hands-On Comparison: Gemini Pro vs GPT-3.5","gemini pro vs gpt-3.5 comparison"
1077,"Here's Why I Still Don't Buy the Hype of Google Gemini","why google gemini is overrated"
1079,"GPT Actions: How to Create Advanced Automation in Your GPTs","gpt automation actions guide"
1081,"5 AI Tools That Will Help You Bring Images to Life","ai tools for animating images"
1083,"ChatGPT Prompts I Used To Become More Productive at Work","chatgpt productivity prompts for work"
1085,"Books About AI (Published Before the AI Hype)","books on artificial intelligence"
1087,"AI Tutorial: Creating a Custom ChatGPT That Extracts Data from Websites","create custom chatgpt for data extraction"
1089,"Guest Post: 9 AI Tools You Should Try","best ai tools to try"
1091,"Sam Altman: Fired as OpenAI CEO, Hired to Lead Microsoft's New AI Team","sam altman microsoft ai team"
1093,"How We Stay Up to Date with The Latest in AI","how to stay updated on ai"
1095,"OpenAI Is Slowly Killing Prompt Engineering With The Latest ChatGPT and DALL-E Updates","openai prompt engineering changes"
1097,"How to Create Your GPT With The New ChatGPT Feature (And Tips to Make it Unique and Profitable)","create your own gpt"
1099,"OpenAI Just Released GPTs: Create Your Own ChatGPT And Make Money From It (No Coding Required)","create your own gpt"
1101,"Biden's Executive Order on AI Was Necessary. Yet, There's Still A Lot to Do","biden executive order ai safety"
1103,"The ChatGPT Mobile App is Underrated. Here’s How to Make The Most of It","chatgpt mobile app tips"
1105,"How to AI-Proof Your Career","ai-proof your career"
1107,"Guest Post: ChatGPT Reimagines 7 Game of Thrones Characters with Midjourney","game of thrones character art"
1109,"Lesson #1: Improve your Speaking with AI","practice speaking with chatgpt"
1111,"I've Been Using ChatGPT Vision as a Data Analyst. Here Are Some Practical Use Cases","chatgpt vision use cases for data analysts"
1113,"My Quick Guide to Becoming an AI/Tech Writer","how to become an ai writer"
1115,"I’ve Been Using AI To Write Better Articles for Almost 1 Year. Here’s How to Make The Most of It","using ai for writing articles"
1117,"AI Tutorial: How to Clone Your Voice, Create AI Avatars and Translate Your Videos","voice cloning and video translation"
1119,"I Used AI to Translate My Videos. Here's How","ai video translation tool"
1121,"AI is Revolutionizing Video Creation. Here's Why This is Good for You","ai video creation tools"
1123,"How I'd Learn AI from Scratch (If I Could Start Over)","learn ai from scratch"
1125,"ChatGPT Features That I Can’t Live Without","must-have chatgpt features"
1127,"Get Your FREE Cheat Sheet (and more!)","free ai cheat sheet"
1129,"ChatGPT Just Got 2 Amazing Features: Voice and Vision","chatgpt voice and image features"
1131,"6 Chrome Extensions That Unlock Some GPT-4 Features (Without Paying for ChatGPT Plus)","chrome extensions for gpt-4 features"
1133,"Bard Can Now Connect to Your Google Apps","bard google apps integration"
1135,"AI Updates: The AI News That You Might've Missed This Week","ai news updates this week"
1137,"ChatGPT, Do You Love Me?","human ai relationship evolution"
1139,"How ChatGPT Works (In Plain English)","how does chatgpt work"
1141,"AI News — This is What You’ve Missed This Summer","ai news summer highlights"
1143,"Will AI Prompt Engineering Be a Thing in The Future?","will prompt engineering continue"
1145,"ChatGPT Language Prompts: Grammar, Writing Practice, Tone, and Vocabulary","language learning with chatgpt"
1147,"My Journey to Becoming an Effective Learner Using ChatGPT","effective learning with chatgpt"
1149,"My Honest Review of Some Paid AI Tools I’ve Used So Far","paid ai tools review"
1151,"No Matter How Good You're At Programming, If You Don't Have Good Habits","good habits for programmers"
1153,"I've Just Tried Google's New AI Search Engine","google ai search engine review"
1489,"We Tested 100s of Claude Cowork Prompts. These 7 Automate Your Boring Work","automate boring work tasks"
1599,"Stop Asking Claude for (Only) Text. Build This Instead",
1601,"Kubernetes Tutorial For Beginners: 75 Comprehensive Guides",
1612,"Kubernetes Tutorial For Beginners: 75 Comprehensive Guides",
1614,"Jenkins Tutorial For Beginners: 21+ Practical Guides","jenkins tutorial for beginners"
1616,"Become A DevOps Engineer in 2026: [A Practical Roadmap]","how to become a devops engineer"
1618,"From DevOps to MLOps (A Practical Guide for 2026)","devops to mlops transition"
1620,"How to Learn Kubernetes (Beginner to Advanced Resources)","learn kubernetes for beginners"
1622,"Python For DevOps: Guide for DevOps Engineers","python for devops engineers"
1624,"Golang For DevOps: A Complete Guide","golang for devops engineers"
1626,"How to Learn Git for DevOps: Beginners Git Roadmap","learn git for devops"
1628,"How to Learn Linux Shell Scripting for DevOps?",
1630,"Pass the CKA Certification Exam: The Ultimate Study Guide","cka certification study guide"
1632,"CKAD Certification: The Comprehensive Guide for Future CKADs","ckad certification study guide"
1634,"CKAD Certification: The Comprehensive Guide for Future CKADs","ckad certification study guide"
1645,"Argo CD: A Complete Guide to Features, Configurations and Options",
1647,"CKS Exam Study Guide: Resources to Pass Certified Kubernetes Security Specialist","cks exam study guide"
1648,"KCNA Certification: Detailed Study Guide","kcna certification study guide"
1649,"KCSA Certification: The Complete Study Guide With Resources","kcsa certification study guide"
1650,"Prometheus Certified Associate (PCA): Complete Study Guide and Exam Preparation Tips","prometheus certified associate exam guide"
1651,"Certified Argo Project Associate (CAPA) Study Guide","argo project associate certification guide"
1652,"Istio Certified Associate (ICA) Exam Study Guide","istio certified associate exam guide"
1654,"KCNA Certification: Detailed Study Guide","kcna certification study guide"
1655,"From 3.17 GB to 354 MB: How I Reduced My Kubeflow Docker Image by 89%",
1656,"KCSA Certification: The Complete Study Guide With Resources","kcsa certification study guide"
1657,"Prometheus Certified Associate (PCA): Complete Study Guide and Exam Preparation Tips","prometheus certified associate guide"
1658,"Istio Architecture: The Definitive Guide to Ambient Mesh",
1659,"How to Deploy Llama 3 with Docker and vLLM (Full Optimization Guide)",
1660,"How to Use In-Place Pod Resize with VPA in Kubernetes",
1661,"How to Provision Persistent Volume on EKS Cluster","provision persistent volume eks"
1662,"Kubernetes Gateway API Tutorial for Beginner&#x27;s",
1663,"How to Deploy Apache Airflow on Kubernetes",
1664,"How to Setup Feast Feature Store on Kubernetes",
1665,"How To Setup Kubernetes Cluster Using Kubeadm",
1667,"Linux Foundation Certifications: Everything You Need to Know",
